titleType,primaryTitle,originalTitle,isAdult,startYear,endYear,runtimeMinutes,genres
movie,Na Boca da Noite,Na Boca da Noite,0,2016,\N,68,Drama
short,Miedzy Wroclawiem a Zielona G√≥ra,Miedzy Wroclawiem a Zielona G√≥ra,0,2010,\N,11,"Documentary,Short"
movie,The Other Side of the Wind,The Other Side of the Wind,0,2018,\N,122,"Comedy,Drama"
movie,Chief Zabu,Chief Zabu,0,2016,\N,74,Comedy
movie,The Wandering Soap Opera,La Telenovela Errante,0,2017,\N,80,"Comedy,Drama,Fantasy"
movie,Bigfoot,Bigfoot,0,2017,\N,\N,"Horror,Thriller"
short,Landscape with the Fall of Icarus,Landscape with the Fall of Icarus,0,2016,\N,26,"Animation,Short"
movie,Joe Finds Grace,Joe Finds Grace,0,2017,\N,83,"Adventure,Animation,Comedy"
movie,Nema aviona za Zagreb,Nema aviona za Zagreb,0,2012,\N,82,Biography
movie,P√°l Adrienn,P√°l Adrienn,0,2010,\N,136,Drama
movie,So Much for Justice!,Oda az igazs√°g,0,2010,\N,100,History
movie,Cooper and Hemingway: The True Gen,Cooper and Hemingway: The True Gen,0,2013,\N,180,Documentary
movie,Children of the Green Dragon,A z√∂ld s√°rk√°ny gyermekei,0,2010,\N,89,Drama
short,Le sacre d'automne,Le sacre d'automne,0,2014,\N,27,"Drama,Short"
tvSeries,Edinburgh Nights,Edinburgh Nights,0,2014,\N,29,\N
movie,T.G.M. - osvoboditel,T.G.M. - osvoboditel,0,2018,\N,60,Documentary
movie,The Tragedy of Man,Az ember trag√©di√°ja,0,2011,\N,160,"Animation,Drama,History"
movie,How Huang Fei-hong Rescued the Orphan from the Tiger's Den,How Huang Fei-hong Rescued the Orphan from the Tiger's Den,0,2011,\N,\N,\N
movie,Bande de cons!,Bande de cons!,0,2018,\N,82,Drama
tvSeries,First Take,First Take,0,2017,\N,\N,\N
video,Flexing with Monty,Flexing with Monty,0,2010,\N,90,"Comedy,Drama,Horror"
movie,Summer of the Moonlight Sonata,Gekko no natsu,0,2015,\N,\N,\N
movie,Os Monstros de Babaloo,Os Monstros de Babaloo,0,2016,\N,100,Comedy
short,To Parsifal,To Parsifal,0,2017,\N,16,Short
tvSeries,Counterpoint,Counterpoint,0,2012,\N,\N,\N
short,Nadja in Paris,Nadja √† Paris,0,2010,\N,13,Short
short,Veronica and Her Dunce,V√©ronique et son cancre,0,2010,\N,18,"Comedy,Short"
movie,The Final Journey,The Final Journey,0,2010,\N,120,Drama
movie,Los p√°jaros se van con la muerte,Los p√°jaros se van con la muerte,0,2011,\N,110,"Drama,Mystery"
movie,Foodfight!,Foodfight!,0,2012,\N,91,"Action,Animation,Comedy"
movie,Return to Babylon,Return to Babylon,0,2013,\N,75,"Biography,Comedy,Drama"
movie,In Memoriam Alfons Vranckx,Le Saigneur est avec nous,0,2018,\N,90,"Action,Adventure,Comedy"
short,Reading Between the Lines,Reading Between the Lines,0,2017,\N,36,"Documentary,Drama,Short"
tvSeries,TV2 hjelper deg,TV2 hjelper deg,0,2018,\N,25,\N
tvSeries,The Di Palma Forum at UNLV,The Di Palma Forum at UNLV,0,2012,\N,\N,\N
video,Ha-Kosem Me'eretz Utz Hamachzemer,Ha-Kosem Me'eretz Utz Hamachzemer,0,2015,\N,58,"Family,Musical"
movie,To Chase a Million,To Chase a Million,0,2018,\N,97,"Action,Drama"
movie,Short Time Heroes,Kurzzeithelden,0,2015,\N,45,Sci-Fi
movie,Life's a Beach,Life's a Beach,0,2012,\N,100,Comedy
movie,Dark Blood,Dark Blood,0,2012,\N,86,Thriller
movie,Neeyum Naanum,Neeyum Naanum,0,2018,\N,136,\N
movie,Snowblind,Snowblind,0,2015,\N,\N,"Crime,Drama"
short,Edie: Girl on Fire,Edie: Girl on Fire,0,2010,\N,28,Short
tvSeries,Escape with ET,Escape with ET,0,2012,\N,\N,Family
tvSeries,James Robison,James Robison,0,2010,\N,30,\N
tvSeries,Sta ftera tou erota,Sta ftera tou erota,0,2018,\N,\N,Drama
movie,Second Coming,Second Coming,0,2012,\N,95,\N
short,Paradjanov: The Color of Armenian Land,Tsvet armyanskoy zemli,0,2012,\N,16,"Documentary,Short"
movie,Lives No Longer Ours,Lives No Longer Ours,0,2011,\N,90,"Drama,Romance"
movie,Quantum Quest: A Cassini Space Odyssey,Quantum Quest: A Cassini Space Odyssey,0,2010,\N,45,"Adventure,Animation,Sci-Fi"
video,Puppetry of the Penis: Live at the Forum,Puppetry of the Penis: Live at the Forum,0,2012,\N,52,Comedy
movie,Wazir,Wazir,0,2016,\N,103,"Action,Crime,Drama"
movie,The Wicker Tree,The Wicker Tree,0,2011,\N,96,"Drama,Horror"
movie,The Overnight,The Overnight,0,2010,\N,88,\N
movie,In My Sleep,In My Sleep,0,2010,\N,104,"Drama,Mystery,Thriller"
movie,Rice Girl,Rice Girl,0,2014,\N,95,"Adventure,Comedy,Romance"
movie,Regret Not Speaking,Regret Not Speaking,0,2011,\N,\N,\N
movie,"Tiden √§r en dr√∂m, del 2","Tiden √§r en dr√∂m, del 2",0,2014,\N,109,\N
movie,This Wretched Life,This Wretched Life,0,2010,\N,99,"Comedy,Drama"
movie,Bunyan and Babe,Bunyan and Babe,0,2017,\N,84,"Adventure,Animation,Comedy"
movie,On the Road,On the Road,0,2012,\N,124,"Adventure,Drama,Romance"
movie,Blind Sided,Blind Sided,0,2010,\N,\N,"Comedy,Crime,Drama"
movie,Chat√¥ - The King of Brazil,Chat√¥: O Rei do Brasil,0,2015,\N,102,Biography
movie,The Evil Within,The Evil Within,0,2017,\N,98,Horror
tvMovie,The Patchwork Girl of Oz,The Patchwork Girl of Oz,0,2018,\N,\N,"Adventure,Animation,Family"
movie,Transe√∫ntes,Transe√∫ntes,0,2015,\N,101,"Comedy,Drama"
movie,The Secret Life of Walter Mitty,The Secret Life of Walter Mitty,0,2013,\N,114,"Adventure,Comedy,Drama"
movie,Fahrenheit 451,Fahrenheit 451,0,2018,\N,100,"Drama,Sci-Fi,Thriller"
videoGame,Duke Nukem Forever,Duke Nukem Forever,0,2011,\N,\N,"Action,Adventure,Comedy"
movie,Aman Ke Farishtey,Aman Ke Farishtey,0,2016,\N,137,Action
movie,Nappily Ever After,Nappily Ever After,0,2018,\N,\N,"Comedy,Drama,Romance"
movie,A Walk Among the Tombstones,A Walk Among the Tombstones,0,2014,\N,114,"Crime,Drama,Mystery"
movie,Boy with a Movie Camera,Boy with a Movie Camera,0,2017,\N,\N,Documentary
movie,The Promise of Perfume,The Promise of Perfume,0,2017,\N,57,Documentary
movie,Jurassic World,Jurassic World,0,2015,\N,124,"Action,Adventure,Sci-Fi"
short,Death of a Nation,Death of a Nation,0,2010,\N,26,"Drama,Music,Short"
movie,Spy,Spy,0,2011,\N,110,"Action,Crime,Drama"
tvMiniSeries,The Pacific,The Pacific,0,2010,2010,530,"Action,Adventure,Drama"
movie,The Rum Diary,The Rum Diary,0,2011,\N,119,"Comedy,Drama"
movie,American Pastoral,American Pastoral,0,2016,\N,108,"Crime,Drama"
movie,Gnomeo & Juliet,Gnomeo & Juliet,0,2011,\N,84,"Adventure,Animation,Comedy"
movie,The Payback Man,The Payback Man,0,2010,\N,\N,"Crime,Drama,Thriller"
short,Turning It Over,Turning It Over,0,2010,\N,\N,"Drama,Short"
movie,Cloud Cuckoo Land,Cloud Cuckoo Land,0,2012,\N,92,Drama
movie,The Three Stooges,The Three Stooges,0,2012,\N,92,"Comedy,Family"
tvMiniSeries,The Crimson Petal and the White,The Crimson Petal and the White,0,2011,\N,274,"Drama,Romance"
movie,Motherless Brooklyn,Motherless Brooklyn,0,2019,\N,\N,"Crime,Drama"
video,Young Alexander the Great,Young Alexander the Great,0,2010,\N,90,"Action,Adventure,Mystery"
movie,Anderson's Cross,Anderson's Cross,0,2010,\N,98,"Comedy,Drama,Romance"
tvEpisode,Helicopters,Helicopters,0,2010,\N,44,"Documentary,History"
movie,Den milde smerte,Den milde smerte,0,2010,\N,280,Drama
tvSeries,Local 2 News,News2Houston,0,2013,\N,\N,News
movie,Tangled,Tangled,0,2010,\N,100,"Adventure,Animation,Comedy"
tvSeries,Wish ko lang,Wish ko lang,0,2015,\N,\N,Documentary
movie,The Connecticut Kid,The Connecticut Kid,0,2011,\N,87,Adventure
movie,John Carter,John Carter,0,2012,\N,132,"Action,Adventure,Sci-Fi"
movie,Capture the Flag,Capture the Flag,0,2010,\N,\N,Drama
movie,Burnt by the Sun 2,Utomlennye solntsem 2,0,2010,\N,181,"Drama,War"
movie,Action Jackson,Action Jackson,0,2014,\N,144,Action
movie,Gambit,Gambit,0,2012,\N,89,"Comedy,Crime"
movie,Bubbles,Bubbles,0,2011,\N,80,Drama
video,11:11,11:11,0,2011,\N,\N,"Crime,Drama"
movie,Seven Fallen Objects,Seven Fallen Objects,0,2011,\N,90,"Comedy,Drama"
movie,In Secret,In Secret,0,2013,\N,107,"Crime,Drama,Thriller"
movie,Cowboys & Aliens,Cowboys & Aliens,0,2011,\N,119,"Action,Sci-Fi,Thriller"
tvEpisode,Movie Theatre Tech,Movie Theatre Tech,0,2011,\N,\N,"Documentary,History"
movie,Tekken,Tekken,0,2010,\N,87,"Action,Crime,Drama"
movie,Asleep in the Sun,Dormir al sol,0,2010,\N,83,Fantasy
movie,Hempsters: Plant the Seed,Hempsters: Plant the Seed,0,2010,\N,90,Documentary
video,Destination Fame,Destination Fame,0,2012,\N,\N,"Drama,Musical"
movie,Disconnect,Disconnect,0,2010,\N,112,"Drama,Mystery,Sci-Fi"
movie,The Stanford Prison Experiment,The Stanford Prison Experiment,0,2015,\N,122,"Biography,Drama,History"
short,Nonkina tosan Yamazaki kaido,Nonkina tosan Yamazaki kaido,0,2016,\N,\N,"Animation,Comedy,Short"
tvMovie,Hemingway & Gellhorn,Hemingway & Gellhorn,0,2012,\N,155,"Biography,Drama,Romance"
movie,Venus & Vegas,Venus & Vegas,0,2010,\N,95,"Action,Comedy,Crime"
movie,The Ninth Cloud,The Ninth Cloud,0,2014,\N,93,Drama
movie,El borde del tiempo,El borde del tiempo,0,2011,\N,100,Drama
movie,Beisbol,Beisbol,0,2010,\N,\N,Documentary
movie,Pots and Pans,Acorralados,0,2012,\N,\N,Drama
movie,Dinner for Schmucks,Dinner for Schmucks,0,2010,\N,114,Comedy
movie,Masters of the Universe,Masters of the Universe,0,2019,\N,\N,"Action,Adventure,Drama"
movie,The A-Team,The A-Team,0,2010,\N,117,"Action,Adventure,Comedy"
movie,The Rescuer,The Rescuer,0,2011,\N,84,Documentary
movie,The Possession,The Possession,0,2012,\N,92,"Horror,Thriller"
short,In absentia,In absentia,0,2013,\N,41,"Drama,Romance,Short"
movie,The Queen of Sheba Meets the Atom Man,The Queen of Sheba Meets the Atom Man,0,2018,\N,110,Comedy
video,Monster Mountain,Monster Mountain,0,2012,\N,91,"Horror,Sci-Fi"
movie,Real Steel,Real Steel,0,2011,\N,127,"Action,Drama,Family"
movie,Satin,Satin,0,2011,\N,84,"Comedy,Drama,Music"
movie,Caleuche: El llamado del Mar,Caleuche: El llamado del Mar,0,2012,\N,100,"Drama,Fantasy,Horror"
movie,L'apocalisse delle scimmie,L'apocalisse delle scimmie,0,2012,\N,\N,Drama
movie,The Giver,The Giver,0,2014,\N,97,"Drama,Romance,Sci-Fi"
movie,Toy Story 3,Toy Story 3,0,2010,\N,103,"Adventure,Animation,Comedy"
movie,Project x27,The Devil Inside,0,2010,\N,\N,"Horror,Thriller"
movie,Alita: Battle Angel,Alita: Battle Angel,0,2018,\N,\N,"Action,Adventure,Romance"
movie,"Cargo, les hommes perdus.","Cargo, les hommes perdus.",0,2010,\N,93,"Adventure,Romance"
movie,Untitled The Flash Film,Untitled The Flash Film,0,2020,\N,\N,"Action,Adventure,Fantasy"
movie,Moving Target,Moving Target,0,2011,\N,\N,"Drama,Thriller"
movie,Seguran√ßa Nacional,Seguran√ßa Nacional,0,2010,\N,86,Action
movie,Stolen Memories,Stolen Memories,0,2012,\N,\N,Documentary
movie,My Nappy Roots: A Journey Through Black Hair-itage,My Nappy Roots: A Journey Through Black Hair-itage,0,2010,\N,90,Documentary
movie,Danger Close,Danger Close,0,2019,\N,\N,"Action,Drama,War"
movie,Lincoln,Lincoln,0,2012,\N,150,"Biography,Drama,History"
movie,Milenge Milenge,Milenge Milenge,0,2010,\N,109,"Drama,Romance"
movie,Before We Go,Before We Go,0,2014,\N,95,"Comedy,Drama,Romance"
movie,The History of Love,The History of Love,0,2016,\N,134,"Drama,Romance,War"
movie,Vidas peque√±as,Vidas peque√±as,0,2010,\N,115,Drama
movie,7 Days,Les 7 jours du talion,0,2010,\N,105,"Crime,Drama,Horror"
movie,Scott Pilgrim vs. the World,Scott Pilgrim vs. the World,0,2010,\N,112,"Action,Comedy,Romance"
tvMovie,The Corrections,The Corrections,0,2012,\N,\N,Drama
movie,Dream Street,Dream Street,0,2010,\N,\N,Drama
movie,Surviving in L.A.,Surviving in L.A.,0,2018,\N,\N,"Comedy,Drama,Romance"
movie,A Bird of the Air,A Bird of the Air,0,2011,\N,108,"Drama,Romance"
movie,Shazam!,Shazam!,0,2019,\N,\N,"Action,Fantasy,Sci-Fi"
tvSeries,Tanging yaman,Tanging yaman,0,2010,\N,\N,Drama
movie,Puss in Boots,Puss in Boots,0,2011,\N,90,"Action,Adventure,Animation"
movie,Diary of a Bad Lad,Diary of a Bad Lad,0,2010,\N,92,"Comedy,Crime"
movie,Mad World,Mad World,0,2010,\N,98,Drama
movie,The Passing,The Passing,0,2011,\N,92,Horror
movie,Clawed,Sludge,0,2017,\N,95,Horror
movie,Wonder Woman,Wonder Woman,0,2017,\N,141,"Action,Adventure,Fantasy"
movie,Blunt Movie,Blunt Movie,0,2013,\N,83,"Comedy,Romance"
movie,Party Crashers,Os Penetras,0,2012,\N,88,Comedy
movie,42,42,0,2013,\N,128,"Biography,Drama,Sport"
movie,El hada buena - Una f√°bula peronista,El hada buena - Una f√°bula peronista,0,2010,\N,85,"Comedy,Drama,Sci-Fi"
movie,Life of Pi,Life of Pi,0,2012,\N,127,"Adventure,Drama,Fantasy"
movie,Being Flynn,Being Flynn,0,2012,\N,102,Drama
movie,The Crazies,The Crazies,0,2010,\N,101,"Horror,Thriller"
movie,The Equalizer,The Equalizer,0,2014,\N,132,"Action,Crime,Thriller"
movie,Memorias del desarrollo,Memorias del desarrollo,0,2010,\N,113,Drama
movie,Captain America: The First Avenger,Captain America: The First Avenger,0,2011,\N,124,"Action,Adventure,Sci-Fi"
movie,A Long Way Down,A Long Way Down,0,2014,\N,96,"Comedy,Drama"
movie,Sin City: A Dame to Kill For,Sin City: A Dame to Kill For,0,2014,\N,102,"Crime,Thriller"
movie,Generation P,Generation P,0,2011,\N,112,"Comedy,Drama,Sci-Fi"
video,One Step Beyond,One Step Beyond,0,2012,\N,56,Documentary
movie,Drunkboat,Drunkboat,0,2010,\N,98,Drama
movie,The Grasslands,The Grasslands,0,2011,\N,114,Drama
movie,The Only Living Boy in New York,The Only Living Boy in New York,0,2017,\N,89,Drama
movie,Texxas Jam '78,Texxas Jam '78,0,2012,\N,60,Documentary
short,Career Day,Career Day,0,2016,\N,8,"Comedy,Family,Short"
movie,Saving Private Perez,Salvando al Soldado P√©rez,0,2011,\N,105,"Adventure,Comedy,Western"
movie,Steve Phoenix: The Untold Story,Steve Phoenix: The Untold Story,0,2012,\N,110,Drama
movie,High-Rise,High-Rise,0,2015,\N,119,Drama
movie,Satan Hates You,Satan Hates You,0,2010,\N,94,Horror
movie,Silent Alarm,Silent Alarm,0,2011,\N,82,"Comedy,Drama,Thriller"
movie,Federal,Federal,0,2010,\N,\N,"Drama,Thriller"
movie,The Devil You Know,The Devil You Know,0,2013,\N,76,"Mystery,Thriller"
movie,"Guns, Drugs and Dirty Money","Guns, Drugs and Dirty Money",0,2010,\N,123,"Action,Comedy,Crime"
movie,House at the End of the Drive,House at the End of the Drive,0,2014,\N,91,"Horror,Thriller"
movie,Piranha 3D,Piranha 3D,0,2010,\N,88,"Comedy,Horror,Thriller"
movie,Komaram Puli,Komaram Puli,0,2010,\N,163,"Action,Crime,Thriller"
movie,Act Your Age,Act Your Age,0,2011,\N,101,"Comedy,Drama"
movie,Taken by Force,Taken by Force,0,2010,\N,90,Action
video,Within: Terror Resides...,Within: Terror Resides...,0,2011,\N,85,"Horror,Thriller"
movie,Sensual,Sensual,0,2010,\N,99,Drama
movie,Golapi Ekhon Bilatey,Golapi Ekhon Bilatey,0,2010,\N,\N,Musical
videoGame,Alan Wake,Alan Wake,0,2010,\N,\N,"Action,Drama,Horror"
movie,Margaret,Margaret,0,2011,\N,150,Drama
movie,Alan Partridge,Alan Partridge: Alpha Papa,0,2013,\N,90,"Action,Comedy,Crime"
movie,Harlem Hostel,Harlem Hostel,0,2010,\N,81,"Comedy,Drama"
movie,Smoking/Non-Smoking,The Pack,0,2011,\N,84,Drama
movie,Platinum Illusions,Platinum Illusions,0,2011,\N,\N,"Action,Drama"
movie,Ex Machina,Ex Machina,0,2014,\N,108,"Drama,Mystery,Sci-Fi"
movie,"Hot Country, Cold Winter","Tak erkir, tsurt dzmer",0,2016,\N,104,Drama
movie,Tower Heist,Tower Heist,0,2011,\N,104,"Action,Comedy,Crime"
movie,The Smurfs,The Smurfs,0,2011,\N,103,"Adventure,Animation,Comedy"
movie,The Mechanic,The Mechanic,0,2011,\N,93,"Action,Crime,Thriller"
short,Historietas Assombradas (para Crian√ßas Malcriadas),Historietas Assombradas (para Crian√ßas Malcriadas),0,2013,\N,16,"Animation,Short"
movie,Escape from Heaven,Escape from Heaven,0,2018,\N,\N,"Comedy,Fantasy"
movie,Prince of Persia: The Sands of Time,Prince of Persia: The Sands of Time,0,2010,\N,116,"Action,Adventure,Fantasy"
movie,Stan,Stan,0,2011,\N,\N,Comedy
movie,Bamboo Shark,Bamboo Shark,0,2011,\N,\N,Comedy
movie,Cielito lindo,Cielito lindo,0,2010,\N,91,"Drama,Thriller"
movie,Clutch,Clutch,0,2012,\N,\N,"Action,Drama"
movie,"Hail, Caesar!","Hail, Caesar!",0,2016,\N,106,"Comedy,Mystery"
movie,Persona Au Gratin,Persona Au Gratin,0,2012,\N,93,Comedy
tvSeries,Westworld,Westworld,0,2016,\N,62,"Drama,Mystery,Sci-Fi"
movie,The Deafening Silence of a Very Bright Light,The Deafening Silence of a Very Bright Light,0,2010,\N,92,Drama
movie,Stiffs,Stiffs,0,2010,\N,104,Comedy
movie,Unstoppable,Unstoppable,0,2010,\N,98,"Action,Thriller"
movie,Sid Bernstein Presents...,Sid Bernstein Presents...,0,2010,\N,100,Documentary
movie,Extremely Loud & Incredibly Close,Extremely Loud & Incredibly Close,0,2011,\N,129,"Adventure,Drama,Mystery"
movie,The Tree of Life,The Tree of Life,0,2011,\N,139,"Drama,Fantasy"
movie,El horror de la dama del lago,El horror de la dama del lago,0,2010,\N,90,"Fantasy,Horror,Thriller"
movie,Ant-Man,Ant-Man,0,2015,\N,117,"Action,Adventure,Comedy"
movie,The Greater Meaning of Water,The Greater Meaning of Water,0,2010,\N,60,"Drama,Sport"
movie,Perfect Life,Perfect Life,0,2010,\N,98,"Horror,Thriller"
movie,Abhishapt,Abhishapt,0,2011,\N,\N,Drama
movie,Season of the Witch,Season of the Witch,0,2011,\N,95,"Action,Adventure,Fantasy"
movie,Atlas Shrugged: Part I,Atlas Shrugged: Part I,0,2011,\N,97,"Drama,Mystery,Sci-Fi"
movie,The Losers,The Losers,0,2010,\N,97,"Action,Adventure,Crime"
movie,Hall Pass,Hall Pass,0,2011,\N,105,"Comedy,Romance"
movie,Felix Austria!,Felix Austria!,0,2013,\N,77,"Biography,Documentary,History"
movie,The Croods,The Croods,0,2013,\N,98,"Action,Adventure,Animation"
movie,Bandage,Bandeiji,0,2010,\N,119,"Drama,Music,Romance"
movie,Barry Munday,Barry Munday,0,2010,\N,95,"Comedy,Drama,Romance"
movie,Chasing 3000,Chasing 3000,0,2010,\N,115,"Family,Sport"
movie,Monkey Man,Monkey Man,0,2011,\N,\N,Comedy
movie,A Woman Is a Woman,A Woman Is a Woman,0,2010,\N,102,"Comedy,Drama"
movie,Gente mala del norte,Gente mala del norte,0,2011,\N,97,"Drama,History"
movie,La daga de Rasput√≠n,La daga de Rasput√≠n,0,2011,\N,99,"Adventure,Comedy"
movie,U Want Me 2 Kill Him?,uwantme2killhim?,0,2013,\N,92,"Drama,Thriller"
movie,Sushi in Suhl,Sushi in Suhl,0,2012,\N,100,"Comedy,Drama"
movie,Red Tails,Red Tails,0,2012,\N,125,"Action,Adventure,Drama"
movie,Making Change,Making Change,0,2012,\N,94,Drama
tvSeries,NFL Primetime,NFL Primetime,0,2012,\N,60,"News,Sport,Talk-Show"
tvSeries,Carnival Row,Carnival Row,0,2019,\N,\N,"Fantasy,Horror,Mystery"
movie,Aftermath,Aftermath,0,2013,\N,84,"Crime,Thriller"
movie,PrimeMates,PrimeMates,0,2010,\N,82,"Comedy,Drama"
movie,Silence,Silence,0,2016,\N,161,"Adventure,Drama,History"
movie,The Invited,The Invited,0,2010,\N,95,"Horror,Thriller"
movie,Double Tap,Double Tap,0,2011,\N,100,"Action,Crime,Drama"
movie,Something Borrowed,Something Borrowed,0,2011,\N,112,"Comedy,Drama,Romance"
movie,Suburbicon,Suburbicon,0,2017,\N,105,"Crime,Drama,Mystery"
movie,Tulip Fever,Tulip Fever,0,2017,\N,105,"Drama,History,Romance"
movie,Furry Vengeance,Furry Vengeance,0,2010,\N,92,"Comedy,Family"
movie,Nina,Nina,0,2016,\N,90,"Biography,Drama,Music"
tvMovie,"The I Do Diaries: Beg, Borrow & Steal","The I Do Diaries: Beg, Borrow & Steal",0,2010,\N,60,Reality-TV
movie,CHIPS,CHIPS,0,2017,\N,100,"Action,Comedy,Crime"
movie,Ramona and Beezus,Ramona and Beezus,0,2010,\N,103,"Adventure,Comedy,Family"
movie,Good Sharma,Good Sharma,0,2010,\N,100,Drama
movie,Bad Blood,Bad Blood,0,2012,\N,107,"Horror,Mystery,Romance"
movie,O Inimigo Sem Rosto,O Inimigo Sem Rosto,0,2010,\N,85,"Crime,Drama"
movie,Prisoners of the Sun,Prisoners of the Sun,0,2013,\N,85,"Action,Adventure,Horror"
videoGame,Darkstar: The Interactive Movie,Darkstar: The Interactive Movie,0,2010,\N,\N,"Action,Adventure,Mystery"
tvSeries,Coment√°rio Geral,Coment√°rio Geral,0,2010,\N,\N,News
movie,The Hero of Color City,The Hero of Color City,0,2014,\N,77,"Animation,Family"
movie,Rings,Rings,0,2017,\N,102,"Drama,Horror,Romance"
tvSeries,The Nine Lives of Chloe King,The Nine Lives of Chloe King,0,2011,2011,60,"Action,Adventure,Crime"
movie,Tranced,Tranced,0,2010,\N,\N,"Drama,Fantasy,Romance"
tvEpisode,Episode dated 28 November 2010,Episode dated 28 November 2010,0,2010,\N,\N,"Drama,Romance"
tvEpisode,Sex and Violence,Sex and Violence,0,2016,\N,\N,"Drama,Sci-Fi"
tvEpisode,X√¥ Perereca,X√¥ Perereca,0,2010,\N,32,Comedy
tvEpisode,Death Climb,Death Climb,0,2011,\N,42,"Biography,Documentary,Drama"
tvEpisode,The Ego Show,The Ego Show,0,2014,\N,\N,"Comedy,Drama"
tvEpisode,Episode #1.16,Episode #1.16,0,2012,\N,\N,"Comedy,News,Talk-Show"
movie,Who Is Harry Nilsson (And Why Is Everybody Talkin' About Him?),Who Is Harry Nilsson (And Why Is Everybody Talkin' About Him?),0,2010,\N,116,"Biography,Documentary,Music"
movie,Love & Other Drugs,Love & Other Drugs,0,2010,\N,112,"Comedy,Drama,Romance"
movie,Syrup,Syrup,0,2013,\N,90,"Comedy,Drama,Romance"
movie,A Thousand Words,A Thousand Words,0,2012,\N,91,"Comedy,Drama"
movie,Escape from Planet Earth,Escape from Planet Earth,0,2013,\N,89,"Adventure,Animation,Comedy"
movie,Have You Seen Me?,Have You Seen Me?,0,2016,\N,\N,Comedy
movie,Horrorween,Horrorween,0,2011,\N,\N,"Comedy,Horror"
movie,The Legend of Secret Pass,The Legend of Secret Pass,0,2010,\N,92,"Animation,Family,Fantasy"
movie,Waste of Space,Waste of Space,0,2010,\N,78,"Adventure,Comedy,Sci-Fi"
tvEpisode,Episode #5.45,Episode #5.45,0,2011,\N,\N,Drama
movie,Me and My Umbrella,Eu e Meu Guarda-Chuva,0,2010,\N,78,"Family,Fantasy"
movie,Night of the Templar,Night of the Templar,0,2013,\N,101,"Horror,Mystery"
movie,What's Your Number?,What's Your Number?,0,2011,\N,106,"Comedy,Romance"
movie,California Indian,California Indian,0,2011,\N,90,Drama
movie,King of the Avenue,King of the Avenue,0,2010,\N,83,"Drama,Fantasy,Thriller"
movie,Samsara,Samsara,0,2011,\N,102,"Documentary,Music"
movie,Till You Get to Baraboo,Till You Get to Baraboo,0,2011,\N,80,"Comedy,Romance"
movie,Man of Steel,Man of Steel,0,2013,\N,143,"Action,Adventure,Fantasy"
movie,Jersey Justice,Jersey Justice,0,2014,\N,100,"Action,Thriller"
movie,Kill,Kill,0,2011,\N,90,"Comedy,Horror,Thriller"
movie,The Chosen Heaven,El cielo elegido,0,2010,\N,123,"Drama,Thriller"
movie,Cell,Cell,0,2016,\N,98,"Action,Drama,Horror"
movie,The Rain Fairy,Destov√° v√≠la,0,2010,\N,100,"Family,Fantasy"
movie,The Illusionist,L'illusionniste,0,2010,\N,80,"Animation,Drama"
movie,Night Catches Us,Night Catches Us,0,2010,\N,90,"Drama,Romance"
movie,Drive,Drive,0,2011,\N,100,"Crime,Drama"
tvSeries,The Being Experience: The Prologue,In the Woods,0,2013,\N,100,Mystery
movie,Kid Cannabis,Kid Cannabis,0,2014,\N,110,"Biography,Comedy,Crime"
movie,Santorini Blue,Santorini Blue,0,2013,\N,90,"Comedy,Drama"
movie,War of the Dead,War of the Dead,0,2011,\N,86,"Action,Adventure,Horror"
movie,The Wolfman,The Wolfman,0,2010,\N,103,"Drama,Fantasy,Horror"
movie,Escalade,Escalade,0,2011,\N,80,Thriller
movie,Irreversi,Irreversi,0,2010,\N,\N,Thriller
movie,The Last Full Measure,The Last Full Measure,0,2018,\N,\N,"Drama,War"
tvEpisode,I Called Him Magoo,I Called Him Magoo,0,2010,\N,22,"Comedy,Romance"
movie,The Attack,The Attack,0,2012,\N,102,Drama
movie,The Boxtrolls,The Boxtrolls,0,2014,\N,96,"Adventure,Animation,Comedy"
movie,The Man Who Knew Infinity,The Man Who Knew Infinity,0,2015,\N,108,"Biography,Drama"
movie,The Incredible Burt Wonderstone,The Incredible Burt Wonderstone,0,2013,\N,100,"Adventure,Comedy,Fantasy"
movie,Dallas Buyers Club,Dallas Buyers Club,0,2013,\N,117,"Biography,Drama"
movie,Elliot Loves,Elliot Loves,0,2012,\N,92,"Comedy,Romance"
movie,The First Grader,The First Grader,0,2010,\N,103,"Biography,Drama,Romance"
movie,Jack Reacher,Jack Reacher,0,2012,\N,130,"Action,Crime,Mystery"
movie,R.I.P.D.,R.I.P.D.,0,2013,\N,96,"Action,Adventure,Comedy"
movie,Miles Ahead,Miles Ahead,0,2015,\N,100,"Biography,Drama,Music"
movie,The Yellow Wallpaper,The Yellow Wallpaper,0,2012,\N,115,Thriller
tvEpisode,Avotar,Avotar,0,2010,\N,\N,Comedy
movie,Wilde Salom√©,Wilde Salom√©,0,2011,\N,95,"Documentary,Drama"
movie,Scary Movie 5,Scary Movie 5,0,2013,\N,86,Comedy
movie,13,13,0,2010,\N,91,"Drama,Thriller"
video,Carnies,Carnies,0,2010,\N,82,"Horror,Thriller"
tvMovie,For Love of Liberty: The Story of America's Black Patriots,For Love of Liberty: The Story of America's Black Patriots,0,2010,\N,115,Documentary
movie,The Guardians,The Guardians,0,2010,\N,88,"Comedy,Family"
movie,Ironmen,Ironmen,0,2010,\N,119,"Biography,Drama"
tvSeries,The Sports Reporters,The Sports Reporters,0,2016,\N,60,Talk-Show
movie,Clash of the Titans,Clash of the Titans,0,2010,\N,106,"Action,Adventure,Fantasy"
movie,Nemesis,Nemesis,0,2010,\N,83,Drama
movie,Thor,Thor,0,2011,\N,115,"Action,Adventure,Fantasy"
movie,Red Dog,Red Dog,0,2011,\N,92,"Biography,Comedy,Drama"
movie,Warcraft,Warcraft,0,2016,\N,123,"Action,Adventure,Fantasy"
movie,Devil's Knot,Devil's Knot,0,2013,\N,114,"Biography,Crime,Drama"
movie,Folk!,Folk!,0,2010,\N,\N,Documentary
movie,It's Kind of a Funny Story,It's Kind of a Funny Story,0,2010,\N,101,"Comedy,Drama,Romance"
movie,The Mule,La mula,0,2013,\N,100,"Comedy,Drama"
movie,Spoon,Spoon,0,2011,\N,\N,"Action,Drama,Fantasy"
movie,A Letter to Elia,A Letter to Elia,0,2010,\N,60,Documentary
movie,The Last Pogo Jumps Again,The Last Pogo Jumps Again,0,2013,\N,200,"Documentary,Music"
movie,Tooth Fairy,Tooth Fairy,0,2010,\N,101,"Comedy,Family,Fantasy"
movie,Belle du Seigneur,Belle du Seigneur,0,2012,\N,104,"Drama,Romance"
movie,Cross the Line,Cross the Line,0,2010,\N,87,Action
movie,The Danish Girl,The Danish Girl,0,2015,\N,119,"Biography,Drama,History"
movie,Eyes of the Mothman,Eyes of the Mothman,0,2011,\N,150,Documentary
movie,Jack and Jill,Jack and Jill,0,2011,\N,91,Comedy
movie,Take Me Home Tonight,Take Me Home Tonight,0,2011,\N,97,"Comedy,Drama,Romance"
movie,Plum√≠feros - Aventuras voladoras,Plum√≠feros - Aventuras voladoras,0,2010,\N,80,"Adventure,Animation,Family"
movie,Lavoe,The King Hector Lavoe,0,2011,\N,90,"Drama,Music"
movie,The Do-Deca-Pentathlon,The Do-Deca-Pentathlon,0,2012,\N,76,Comedy
movie,Meridian Lines,Meridian Lines,0,2013,\N,\N,Drama
movie,American Flyer,American Flyer,0,2010,\N,100,Adventure
movie,Percy Jackson & the Olympians: The Lightning Thief,Percy Jackson & the Olympians: The Lightning Thief,0,2010,\N,118,"Adventure,Family,Fantasy"
movie,Art Officially Favored,Art Officially Favored,0,2019,\N,90,"Biography,Documentary,Fantasy"
movie,Ashes,Ashes,0,2010,\N,\N,Drama
movie,She's Out of My League,She's Out of My League,0,2010,\N,104,"Comedy,Romance"
movie,Card Subject to Change,Card Subject to Change,0,2010,\N,87,Documentary
movie,The Book Thief,The Book Thief,0,2013,\N,131,"Drama,War"
movie,Conan the Barbarian,Conan the Barbarian,0,2011,\N,113,"Action,Adventure,Fantasy"
movie,Shanghai Hotel,Shanghai Hotel,0,2011,\N,110,Drama
movie,Interstellar,Interstellar,0,2014,\N,169,"Adventure,Drama,Sci-Fi"
movie,World War Z,World War Z,0,2013,\N,116,"Action,Adventure,Horror"
movie,Flipped,Flipped,0,2010,\N,90,"Comedy,Drama,Romance"
movie,Valentine's Day,Valentine's Day,0,2010,\N,125,"Comedy,Romance"
movie,The Power of Few,The Power of Few,0,2013,\N,96,"Action,Crime,Drama"
movie,Dreamkiller,Dreamkiller,0,2010,\N,110,Thriller
movie,Soupernatural,Soupernatural,0,2010,\N,\N,Drama
movie,Manhattan Minutiae,Manhattan Minutiae,0,2016,\N,99,"Comedy,Music,Romance"
movie,Priest,Priest,0,2011,\N,87,"Action,Fantasy,Horror"
movie,The Long Falling,O√π va la nuit,0,2011,\N,105,Drama
movie,Maximum Ride,Maximum Ride,0,2016,\N,88,"Action,Adventure,Comedy"
movie,Caravaggio and My Mother the Pope,Caravaggio and My Mother the Pope,0,2018,\N,90,"Comedy,Drama"
movie,Return to Yucca Flats: Desert Man-Beast,Return to Yucca Flats: Desert Man-Beast,0,2010,\N,79,"Comedy,Horror"
movie,Magic,Magic,0,2010,\N,\N,"Adventure,Family"
movie,Wild in the Streets,Wild in the Streets,0,2012,\N,82,Documentary
movie,Dracula Untold,Dracula Untold,0,2014,\N,92,"Action,Drama,Fantasy"
movie,Gallowwalkers,Gallowwalkers,0,2012,\N,90,"Action,Horror,Thriller"
video,Santeria: The Soul Possessed,Santeria: The Soul Possessed,0,2012,\N,82,Horror
movie,Waking Madison,Waking Madison,0,2010,\N,89,Drama
movie,Godzilla,Godzilla,0,2014,\N,123,"Action,Adventure,Sci-Fi"
movie,Land,Land,0,2010,\N,76,Documentary
movie,The Babymakers,The Babymakers,0,2012,\N,95,Comedy
movie,Electric Slide,Electric Slide,0,2014,\N,95,"Action,Biography,Crime"
movie,Krystal,Krystal,0,2017,\N,90,"Comedy,Drama"
movie,Pee-wee's Big Holiday,Pee-wee's Big Holiday,0,2016,\N,90,"Adventure,Comedy,Family"
movie,Approaching Midnight,Approaching Midnight,0,2013,\N,86,"Crime,Drama,Romance"
movie,Hotel Transylvania,Hotel Transylvania,0,2012,\N,91,"Animation,Comedy,Family"
movie,Pet Sematary,Pet Sematary,0,2019,\N,\N,Horror
movie,Retreat!,Retreat!,0,2016,\N,\N,"Comedy,Drama,War"
movie,Bhopal: A Prayer for Rain,Bhopal: A Prayer for Rain,0,2014,\N,96,Drama
short,Eloise,Eloise,0,2014,\N,11,"Drama,Short"
movie,Everyday Sunshine: The Story of Fishbone,Everyday Sunshine: The Story of Fishbone,0,2010,\N,107,"Documentary,Music"
movie,The Town,The Town,0,2010,\N,125,"Crime,Drama,Thriller"
movie,R√≠o de oro,R√≠o de oro,0,2010,\N,\N,Western
movie,Whatever Happened to Pete Blaggit?,Whatever Happened to Pete Blaggit?,0,2012,\N,94,"Comedy,Sci-Fi"
movie,The Kids Are All Right,The Kids Are All Right,0,2010,\N,106,"Comedy,Drama,Romance"
movie,The Fallen Word,The Fallen Word,0,2013,\N,60,"Drama,Fantasy,Mystery"
movie,Ivan Mosjoukine ou L'enfant du carnaval,Ivan Mosjoukine ou L'enfant du carnaval,0,2016,\N,67,Documentary
movie,Killer by Nature,Killer by Nature,0,2010,\N,94,"Adventure,Crime,Drama"
movie,Pox,Pox,0,2011,\N,100,"Comedy,Sci-Fi"
movie,Hoodwinked Too! Hood vs. Evil,Hoodwinked Too! Hood vs. Evil,0,2011,\N,86,"Animation,Comedy,Crime"
movie,Gangster Exchange,Gangster Exchange,0,2010,\N,95,Action
movie,Loot,Loot,0,2011,\N,\N,"Action,Comedy,Crime"
movie,Neowolf,Neowolf,0,2010,\N,88,"Horror,Thriller"
movie,Night Traveler,Night Traveler,0,2013,\N,\N,Adventure
movie,Fun in the Army,Fauj Mein Mauj,0,2010,\N,\N,Comedy
movie,The Speed of Thought,The Speed of Thought,0,2011,\N,93,"Sci-Fi,Thriller"
movie,The Avengers,The Avengers,0,2012,\N,143,"Action,Adventure,Sci-Fi"
movie,Epic,Epic,0,2013,\N,102,"Adventure,Animation,Family"
movie,The Sighting,Travis,0,2016,\N,98,"Horror,Sci-Fi,Thriller"
movie,Duel of Legends,Duel of Legends,0,2018,\N,\N,"Action,Drama,Sport"
video,Change Your Life!,Change Your Life!,0,2010,\N,\N,Comedy
movie,Jack & Diane,Jack & Diane,0,2012,\N,110,"Drama,Horror,Romance"
movie,Jackson Arms,Jackson Arms,0,2015,\N,90,Romance
movie,Risen,Risen,0,2010,\N,121,"Biography,Drama"
movie,Sir Billi,Sir Billi,0,2012,\N,76,"Adventure,Animation,Comedy"
movie,Folie √† deux,Folie √† deux,0,2012,\N,\N,Drama
movie,Bloud√≠m,Bloud√≠m,0,2010,\N,75,Drama
movie,Naked Run,Naked Run,0,2011,\N,84,Comedy
movie,A Summer Song,A Summer Song,0,2010,\N,\N,Drama
movie,This Is What Love in Action Looks Like,This Is What Love in Action Looks Like,0,2011,\N,74,Documentary
movie,Great American Dream,Great American Dream,0,2013,\N,90,"Drama,Sport"
movie,Kolor√°d√≥ Kid,Kolor√°d√≥ Kid,0,2010,\N,111,"Drama,Romance"
movie,The Sweeney,The Sweeney,0,2012,\N,112,"Action,Crime,Drama"
movie,2001 Maniacs: Field of Screams,2001 Maniacs: Field of Screams,0,2010,\N,84,"Comedy,Horror"
movie,Immortal Island,Immortal Island,0,2011,\N,84,"Adventure,Horror,Thriller"
movie,Wide Blue Yonder,Wide Blue Yonder,0,2010,\N,82,"Comedy,Drama"
movie,The Golden Greek: The Harry Agganis Story,The Golden Greek: The Harry Agganis Story,0,2010,\N,\N,Documentary
movie,Super Troopers 2,Super Troopers 2,0,2018,\N,99,"Comedy,Crime,Mystery"
movie,Evangelion: 3.0 You Can (Not) Redo,Evangerion shin gekij√¥ban: Kyu,0,2012,\N,96,"Action,Animation,Drama"
movie,Zenitram,Zenitram,0,2010,\N,103,"Action,Adventure,Comedy"
movie,Lupin the 3rd,Rupan sansei,0,2014,\N,133,"Action,Adventure,Comedy"
movie,Dukun,Dukun,0,2018,\N,108,"Horror,Thriller"
movie,Mr. Peabody & Sherman,Mr. Peabody & Sherman,0,2014,\N,92,"Adventure,Animation,Comedy"
movie,Letting Go,Letting Go,0,2012,\N,83,"Drama,Romance"
movie,6 Month Rule,6 Month Rule,0,2011,\N,100,Comedy
movie,Catharsis,Katharsis,0,2011,\N,89,Mystery
movie,Jungle Cruise,Jungle Cruise,0,2019,\N,\N,Adventure
movie,Touch Wood,Touch Wood,0,2010,\N,\N,Comedy
movie,The Nightclub Days,The Nightclub Days,0,2012,\N,\N,Comedy
movie,"Surprise, Surprise","Surprise, Surprise",0,2010,\N,83,Drama
movie,My Soul to Take,My Soul to Take,0,2010,\N,107,"Horror,Mystery,Thriller"
movie,Red State,Red State,0,2011,\N,88,"Action,Crime,Horror"
movie,The Dot Man,The Dot Man,0,2017,\N,\N,"Drama,Thriller"
movie,Beijing Taxi,Beijing Taxi,0,2010,\N,78,Documentary
movie,The Secret Philosophy,The Secret Philosophy,0,2010,\N,90,Thriller
movie,Rain Falls from Earth: Surviving Cambodia's Darkest Hour,Rain Falls from Earth: Surviving Cambodia's Darkest Hour,0,2011,\N,\N,Documentary
movie,Rift,Rift,0,2011,\N,100,"Horror,Thriller"
movie,Bury the Hatchet,Bury the Hatchet,0,2010,\N,120,Documentary
movie,Ch√ªshingura,Ch√ªshingura,0,2016,\N,76,\N
movie,Bulletface,Bulletface,0,2010,\N,82,Thriller
movie,First Circle,First Circle,0,2010,\N,72,Documentary
movie,Jewtopia,Jewtopia,0,2012,\N,90,"Comedy,Romance"
movie,Please Give,Please Give,0,2010,\N,87,"Comedy,Drama"
movie,Harm's Way,Harm's Way,0,2010,\N,82,Thriller
movie,Torn,Torn,0,2010,\N,\N,Thriller
movie,Eat Pray Love,Eat Pray Love,0,2010,\N,133,"Drama,Romance"
movie,Mama I Want to Sing,Mama I Want to Sing,0,2011,\N,100,Musical
movie,Sanctum,Sanctum,0,2011,\N,108,"Adventure,Drama,Thriller"
movie,AIR: The Musical,AIR: The Musical,0,2010,\N,100,"Comedy,Musical,Romance"
movie,Snitch,Snitch,0,2013,\N,112,"Action,Drama,Thriller"
tvMovie,Mr. Hockey: The Gordie Howe Story,Mr. Hockey: The Gordie Howe Story,0,2013,\N,87,"Biography,Drama,Sport"
movie,Wreckage,Wreckage,0,2010,\N,87,"Horror,Thriller"
movie,Drain Baby,Drain Baby,0,2011,\N,\N,Horror
movie,Legends of Oz: Dorothy's Return,Legends of Oz: Dorothy's Return,0,2013,\N,88,"Adventure,Animation,Family"
movie,The Wedding Ringer,The Wedding Ringer,0,2015,\N,101,Comedy
tvMovie,Medium Raw: Night of the Wolf,Medium Raw: Night of the Wolf,0,2010,\N,100,"Fantasy,Thriller"
movie,Hyenas,Hyenas,0,2011,\N,92,Horror
movie,Repo,Repo,0,2010,\N,97,"Comedy,Drama"
movie,Rollerboy,Rollerboy,0,2013,\N,81,Documentary
movie,Honor,Kavod,0,2010,\N,118,"Crime,Drama,Thriller"
movie,The Switch,The Switch,0,2010,\N,101,"Comedy,Drama,Romance"
movie,RxCannabis: A Freedom Tale,RxCannabis: A Freedom Tale,0,2018,\N,83,Documentary
movie,Hamlet A.D.D.,Hamlet A.D.D.,0,2014,\N,95,"Animation,Comedy,Fantasy"
movie,Gun of the Black Sun,Gun of the Black Sun,0,2011,\N,90,Fantasy
movie,Letters to Juliet,Letters to Juliet,0,2010,\N,105,"Adventure,Comedy,Drama"
movie,How to Train Your Dragon,How to Train Your Dragon,0,2010,\N,98,"Action,Adventure,Animation"
movie,Shrek Forever After,Shrek Forever After,0,2010,\N,93,"Adventure,Animation,Comedy"
movie,Blur,Blur,0,2011,\N,90,"Drama,Mystery,Thriller"
movie,From Prada to Nada,From Prada to Nada,0,2011,\N,107,"Comedy,Drama,Romance"
movie,The Whistleblower,The Whistleblower,0,2010,\N,112,"Action,Biography,Crime"
video,Between the Sand and the Sky,Between the Sand and the Sky,0,2014,\N,4,"Adventure,Romance,Western"
movie,Don't Fade Away,Don't Fade Away,0,2010,\N,89,Drama
movie,The Key Man,The Key Man,0,2011,\N,80,"Crime,Drama,Thriller"
movie,Suite Fran√ßaise,Suite Fran√ßaise,0,2014,\N,107,"Drama,Romance,War"
movie,Psych:9,Psych:9,0,2010,\N,98,"Horror,Mystery,Thriller"
movie,Acts of Violence,Acts of Violence,0,2010,\N,\N,"Crime,Drama,Thriller"
video,Butchered,Butchered,0,2010,\N,71,Horror
video,Silent Vengeance,Silent Vengeance,0,2011,\N,90,Horror
video,Privileged,Privileged,0,2010,\N,\N,Drama
short,Red Princess Blues,Red Princess Blues,0,2010,\N,11,"Action,Short,Thriller"
movie,Westbrick Murders,Westbrick Murders,0,2010,\N,90,"Action,Crime,Thriller"
movie,The Hobbit: An Unexpected Journey,The Hobbit: An Unexpected Journey,0,2012,\N,169,"Adventure,Family,Fantasy"
movie,Love & Mercy,Love & Mercy,0,2014,\N,121,"Biography,Drama,Music"
video,Blood: A Butcher's Tale,Blood: A Butcher's Tale,0,2010,\N,\N,Horror
movie,The Thing,The Thing,0,2011,\N,103,"Horror,Mystery,Sci-Fi"
movie,The Grind,The Grind,0,2012,\N,85,"Crime,Thriller"
movie,The Unlikely's,The Unlikely's,0,2016,\N,\N,Comedy
tvEpisode,"The $10,000 Gift","The $10,000 Gift",0,2010,\N,\N,Romance
movie,Black Butterflies,Black Butterflies,0,2011,\N,100,"Biography,Drama"
movie,Prey,Proie,0,2010,\N,90,"Adventure,Drama,Horror"
video,N.Y.C. Underground,N.Y.C. Underground,0,2013,\N,87,"Action,Thriller"
movie,Eager to Die,Eager to Die,0,2010,\N,109,"Drama,Thriller"
movie,Exposed,Exposed,0,2012,\N,82,"Drama,Mystery,Thriller"
movie,A Merry Friggin' Christmas,A Merry Friggin' Christmas,0,2014,\N,88,Comedy
movie,Movin' In,Movin' In,0,2010,\N,95,"Comedy,Romance"
tvMiniSeries,Bloodletting & Miraculous Cures,Bloodletting & Miraculous Cures,0,2010,\N,60,Drama
movie,House Under Siege,House Under Siege,0,2010,\N,78,"Action,Thriller"
movie,Monkeyman935,Monkeyman935,0,2010,\N,\N,Horror
video,RMS Titanic: The Story Biograph Told,RMS Titanic: The Story Biograph Told,0,2012,\N,60,"Adventure,Documentary,Drama"
movie,Unthinkable,Unthinkable,0,2010,\N,97,"Drama,Thriller"
movie,Jackboots on Whitehall,Jackboots on Whitehall,0,2010,\N,91,"Animation,Comedy,Sci-Fi"
movie,Gangster Kittens,Gangster Kittens,0,2016,\N,\N,"Drama,Thriller"
movie,Periphery,Periphery,0,2011,\N,\N,Drama
movie,Victim,Victim,0,2010,\N,90,"Horror,Thriller"
movie,The Legend of Tarzan,The Legend of Tarzan,0,2016,\N,110,"Action,Adventure,Drama"
movie,The Happy Housewife,De gelukkige huisvrouw,0,2010,\N,100,"Comedy,Drama,Romance"
movie,I Am Not a Bird,I Am Not a Bird,0,2018,\N,\N,"Drama,Thriller"
movie,The Dead Undead,The Dead Undead,0,2010,\N,89,"Action,Horror,Sci-Fi"
video,Hogzilla,Hogzilla,0,2014,\N,90,Horror
movie,Truth About Kerry,Truth About Kerry,0,2010,\N,84,"Drama,Mystery,Thriller"
movie,Pizza with Bullets,Pizza with Bullets,0,2010,\N,99,Comedy
movie,Harry Potter and the Deathly Hallows: Part 1,Harry Potter and the Deathly Hallows: Part 1,0,2010,\N,146,"Adventure,Family,Fantasy"
movie,Road to Red,Road to Red,0,2016,\N,120,"Action,Adventure,Thriller"
movie,White Men Can't Dance,White Men Can't Dance,0,2012,\N,105,"Drama,Family"
tvSeries,Shooting Gallery,Shooting Gallery,0,2011,\N,\N,\N
tvEpisode,Celebrity Mastermind 2009/2010: Episode 5,Celebrity Mastermind 2009/2010: Episode 5,0,2010,\N,28,Game-Show
movie,The Penthouse,The Penthouse,0,2010,\N,89,Comedy
movie,Deep Gold 3D,Deep Gold,0,2011,\N,86,Action
videoGame,Star Trek Online,Star Trek Online,0,2010,\N,\N,"Action,Adventure,Sci-Fi"
movie,The Man in the Silo,The Man in the Silo,0,2016,\N,55,Drama
movie,Jun-09,Jun-09,0,2018,\N,95,"Horror,Mystery,Thriller"
movie,"Glenn, the Flying Robot","Glenn, the Flying Robot",0,2010,\N,85,"Drama,Sci-Fi"
movie,The Waiter,The Waiter,0,2010,\N,92,"Action,Crime,Drama"
movie,Rabbit Hole,Rabbit Hole,0,2010,\N,91,Drama
tvEpisode,Garage Alone/Camp Happy Helpers,Garage Alone/Camp Happy Helpers,0,2017,\N,22,"Adventure,Animation,Comedy"
movie,Joe Dick,Joe Dick,0,2017,\N,96,Comedy
movie,The Devil's Flower,Tsvetok dyavola,0,2010,\N,90,"Mystery,Romance"
movie,The Last Airbender,The Last Airbender,0,2010,\N,103,"Action,Adventure,Family"
movie,Freaky Deaky,Freaky Deaky,0,2012,\N,90,"Comedy,Crime,Thriller"
movie,Silent Hill: Revelation,Silent Hill: Revelation,0,2012,\N,95,Horror
tvSeries,Regresso a Sizalinda,Regresso a Sizalinda,0,2010,\N,\N,Drama
movie,Arthur 3: The War of the Two Worlds,Arthur 3: la guerre des deux mondes,0,2010,\N,101,"Adventure,Animation,Family"
movie,White Knuckles,White Knuckles,0,2010,\N,88,"Drama,Thriller"
movie,Salt,Salt,0,2010,\N,100,"Action,Crime,Mystery"
tvSeries,Game of Thrones,Game of Thrones,0,2011,\N,57,"Action,Adventure,Drama"
movie,Source Code,Source Code,0,2011,\N,93,"Mystery,Romance,Sci-Fi"
tvEpisode,Balls,Balls,0,2013,\N,\N,"Documentary,History"
movie,Black Swan,Black Swan,0,2010,\N,108,"Drama,Thriller"
movie,Green Zone,Green Zone,0,2010,\N,115,"Action,Drama,Thriller"
movie,The Amazing Spider-Man,The Amazing Spider-Man,0,2012,\N,136,"Action,Adventure,Sci-Fi"
movie,Coffee Sex You,Coffee Sex You,0,2014,\N,88,Drama
tvEpisode,Insulation,Insulation,0,2013,\N,\N,"Documentary,History"
movie,The Killer Inside Me,The Killer Inside Me,0,2010,\N,109,"Crime,Drama,Thriller"
movie,Robin Hood,Robin Hood,0,2010,\N,140,"Action,Adventure,Drama"
movie,Reach Me,Reach Me,0,2014,\N,95,"Comedy,Crime,Drama"
movie,Nine Dead,Nine Dead,0,2010,\N,98,"Crime,Drama,Horror"
movie,Heart of Now,Heart of Now,0,2010,\N,90,Drama
videoGame,Final Fantasy XV,Fainaru fantaj√Æ XV,0,2016,\N,\N,"Action,Adventure,Fantasy"
movie,Let Me Survive,Let Me Survive,0,2013,\N,\N,Drama
movie,Beautiful Darling,Beautiful Darling,0,2010,\N,85,Documentary
movie,Private Security Officer: Los Angeles,Private Security Officer: Los Angeles,0,2010,\N,84,"Action,Comedy,Crime"
movie,"Truth in Numbers? Everything, According to Wikipedia","Truth in Numbers? Everything, According to Wikipedia",0,2010,\N,85,Documentary
movie,Avenge,Avenge,0,2014,\N,88,Drama
movie,A Monster in Paris,Un monstre √† Paris,0,2011,\N,90,"Adventure,Animation,Comedy"
movie,Devour,Devour,0,2011,\N,\N,Horror
movie,The Trouble with Cali,The Trouble with Cali,0,2012,\N,\N,Comedy
movie,The House of Sun,Dom Solntsa,0,2010,\N,110,Drama
movie,Made in Romania,Made in Romania,0,2010,\N,95,Comedy
movie,Feast of the Assumption: BTK and the Otero Family Murders,Feast of the Assumption: The Otero Family Murders,0,2010,\N,86,"Crime,Documentary"
movie,The Sorcerer's Apprentice,The Sorcerer's Apprentice,0,2010,\N,109,"Action,Adventure,Family"
movie,The Fighter,The Fighter,0,2010,\N,116,"Biography,Drama,Sport"
movie,Pushin' Up Daisies,Pushin' Up Daisies,0,2010,\N,87,Comedy
tvSeries,Bubble Guppies,Bubble Guppies,0,2011,2019,24,"Animation,Comedy,Family"
movie,Have You Heard from Johannesburg: Hell of a Job,Have You Heard from Johannesburg: Hell of a Job,0,2010,\N,57,Documentary
movie,Have You Heard from Johannesburg: Road to Resistance,Have You Heard from Johannesburg: Road to Resistance,0,2010,\N,65,Documentary
movie,L'imbroglio nel lenzuolo,L'imbroglio nel lenzuolo,0,2010,\N,105,"Comedy,Romance"
movie,The Conspirator,The Conspirator,0,2010,\N,122,"Crime,Drama,History"
movie,Little Witch on a Broomstick,Sax√°na a Lexikon kouzel,0,2011,\N,90,"Animation,Comedy,Family"
movie,Strange Frame: Love & Sax,Strange Frame: Love & Sax,0,2012,\N,98,"Animation,Crime,Music"
movie,White Wall,White Wall,0,2010,\N,91,"Action,Mystery,Sci-Fi"
movie,Hugo,Hugo,0,2011,\N,126,"Adventure,Drama,Family"
movie,Little Fockers,Little Fockers,0,2010,\N,98,"Comedy,Romance"
movie,The Chosen One,The Chosen One,0,2010,\N,101,"Comedy,Drama"
movie,The Reason,La raz√≥n,0,2010,\N,70,"Drama,Fantasy,History"
tvEpisode,Ick Alone,Ick Alone,0,2012,\N,\N,"Animation,Family"
tvEpisode,The Big Race,The Big Race,0,2012,\N,\N,"Animation,Family"
tvEpisode,Windy Night,Windy Night,0,2012,\N,\N,"Animation,Family"
tvEpisode,World Tree Day,World Tree Day,0,2012,\N,\N,"Animation,Family"
movie,Back Roads,Back Roads,0,2018,\N,101,"Drama,Thriller"
movie,Have You Heard from Johannesburg: Fair Play,Have You Heard from Johannesburg: Fair Play,0,2010,\N,96,Documentary
movie,Have You Heard from Johannesburg: The Bottom Line,Have You Heard from Johannesburg: The Bottom Line,0,2010,\N,86,Documentary
movie,Lives and Deaths of the Poets,Lives and Deaths of the Poets,0,2011,\N,93,Comedy
movie,Headhunter: The Assessment Weekend,Headhunter: The Assessment Weekend,0,2010,\N,93,Thriller
movie,Justice League,Justice League,0,2017,\N,120,"Action,Adventure,Fantasy"
movie,Black Limousine,The Land of the Astronauts,0,2010,\N,102,Drama
movie,Hitchcock,Hitchcock,0,2012,\N,98,"Biography,Drama"
movie,Sinatra Club,Sinatra Club,0,2010,\N,88,"Action,Biography,Crime"
short,Detention,Detention,0,2012,\N,16,"Adventure,Comedy,Horror"
movie,Boyle Heights,Boyle Heights,0,2010,\N,101,Action
movie,Chooriyan,Chooriyan,0,2015,\N,\N,"Drama,Musical,Romance"
movie,Fair Game,Fair Game,0,2010,\N,108,"Biography,Drama,Thriller"
videoGame,Red Steel 2,Red Steel 2,0,2010,\N,\N,"Action,Western"
movie,Sucker Punch,Sucker Punch,0,2011,\N,110,"Action,Fantasy"
movie,Have You Heard from Johannesburg: Free at Last,Have You Heard from Johannesburg: Free at Last,0,2010,\N,78,Documentary
tvSeries,Boardwalk Empire,Boardwalk Empire,0,2010,2014,55,"Crime,Drama,History"
movie,Lottery Ticket,Lottery Ticket,0,2010,\N,99,Comedy
movie,The Chronicles of Narnia: The Voyage of the Dawn Treader,The Chronicles of Narnia: The Voyage of the Dawn Treader,0,2010,\N,113,"Adventure,Family,Fantasy"
movie,Four,Four,0,2012,\N,75,"Drama,Romance"
movie,Heredity,Heredity,0,2010,\N,\N,"Horror,Thriller"
movie,Funkytown,Funkytown,0,2011,\N,132,Drama
movie,The Unwanted,The Unwanted,0,2013,\N,95,"Drama,Thriller"
movie,The Adventures of Tintin,The Adventures of Tintin,0,2011,\N,107,"Action,Adventure,Animation"
movie,You're Nobody 'til Somebody Kills You,You're Nobody 'til Somebody Kills You,0,2012,\N,86,"Horror,Thriller"
movie,El Padrino II: Border Intrusion,El Padrino II: Border Intrusion,0,2011,\N,90,Crime
movie,A Dance for Grace,A Dance for Grace,0,2010,\N,\N,Drama
movie,Multiple Sarcasms,Multiple Sarcasms,0,2010,\N,97,Drama
videoGame,Black Mirror 2,Black Mirror 2,0,2010,\N,\N,"Adventure,Horror,Mystery"
movie,Machete,Machete,0,2010,\N,105,"Action,Crime,Thriller"
movie,The Magic Crystal,Maaginen kristalli,0,2011,\N,80,"Adventure,Animation,Comedy"
movie,A Flat,A Flat,0,2010,\N,103,"Drama,Horror,Romance"
movie,The Gainesville Ripper,The Gainesville Ripper,0,2010,\N,90,Horror
movie,Dear John,Dear John,0,2010,\N,108,"Drama,Romance,War"
movie,Detention,Detention,0,2010,\N,81,"Horror,Thriller"
movie,The Green Hornet,The Green Hornet,0,2011,\N,119,"Action,Comedy,Crime"
movie,The Significant Other,The Significant Other,0,2012,\N,90,"Comedy,Romance"
short,The Passport,The Passport,0,2010,\N,18,Short
tvMovie,Dave Brubeck: In His Own Sweet Way,Dave Brubeck: In His Own Sweet Way,0,2010,\N,85,Documentary
movie,Hanna,Hanna,0,2011,\N,111,"Action,Drama,Thriller"
movie,The Wolf of Wall Street,The Wolf of Wall Street,0,2013,\N,180,"Biography,Comedy,Crime"
movie,Adventure Scouts,Adventure Scouts,0,2010,\N,83,"Action,Adventure,Comedy"
movie,The Courier,The Courier,0,2012,\N,95,"Action,Crime,Drama"
movie,The Unforgiven,The Unforgiven,0,2011,\N,115,Drama
movie,Pel√©: Birth of a Legend,Pel√©: Birth of a Legend,0,2016,\N,107,"Biography,Drama,Sport"
movie,The Extendables,The Extendables,0,2014,\N,84,Comedy
movie,Legend of the Red Reaper,Legend of the Red Reaper,0,2013,\N,99,"Action,Adventure,Fantasy"
movie,The Slimbones,The Slimbones,0,2014,\N,\N,Animation
movie,Biblioth√®que Pascal,Biblioth√®que Pascal,0,2010,\N,105,Drama
movie,The Experiment,The Experiment,0,2010,\N,96,"Drama,Thriller"
movie,Looking for the Lost Tango,Stadilaista tangoa etsim√§ss√§,0,2010,\N,90,"Documentary,Music"
movie,Two Knives,Two Knives,0,2011,\N,107,Action
movie,Straw Dogs,Straw Dogs,0,2011,\N,110,"Action,Drama,Thriller"
movie,Megamind,Megamind,0,2010,\N,95,"Action,Animation,Comedy"
tvMovie,Welcome to the Family,Welcome to the Family,0,2010,\N,\N,Reality-TV
movie,The Young Messiah,The Young Messiah,0,2016,\N,111,"Drama,Fantasy"
movie,If You Only Knew,If You Only Knew,0,2011,\N,106,Drama
movie,Call of Life,Call of Life,0,2010,\N,60,Documentary
movie,Last Breath,Last Breath,0,2010,\N,91,Horror
movie,The Iron Lady,The Iron Lady,0,2011,\N,105,"Biography,Drama"
movie,Colombian Interviews,Colombian Interviews,0,2011,\N,\N,"Drama,Thriller"
movie,Opal,Opal,0,2010,\N,79,Drama
movie,The Steamroom,The Steamroom,0,2010,\N,91,"Comedy,Drama"
movie,Return of the Atom,Atomin paluu,0,2015,\N,110,Documentary
movie,Love Sick Diaries,Love Sick Diaries,0,2010,\N,\N,Drama
movie,Knight and Day,Knight and Day,0,2010,\N,109,"Action,Comedy"
movie,Dylan Dog: Dead of Night,Dylan Dog: Dead of Night,0,2010,\N,107,"Action,Comedy,Crime"
movie,Alice in Wonderland,Alice in Wonderland,0,2010,\N,108,"Adventure,Family,Fantasy"
movie,Child 44,Child 44,0,2015,\N,137,"Crime,Drama,Thriller"
movie,Bad Dog and Superhero,Bad Dog and Superhero,0,2014,\N,72,Comedy
movie,Holy Wars,Holy Wars,0,2010,\N,84,Documentary
movie,Felony Murder,Felony Murder,0,2019,\N,\N,"Documentary,Drama"
video,The Fracktaplots,The Fracktaplots,0,2010,\N,66,Comedy
movie,The Sisterhood of Night,The Sisterhood of Night,0,2014,\N,104,"Drama,Mystery,Thriller"
movie,The Cursed,The Cursed,0,2010,\N,88,"Horror,Romance,Thriller"
movie,Pax,Pax,0,2010,\N,75,Drama
movie,Prime of Your Life,Prime of Your Life,0,2010,\N,93,"Comedy,Drama,Romance"
movie,Splintered,Splintered,0,2010,\N,85,"Horror,Thriller"
movie,The Runaways,The Runaways,0,2010,\N,106,"Biography,Drama,Music"
movie,The Tortured,The Tortured,0,2010,\N,79,"Horror,Thriller"
movie,Heart Like a Hand Grenade,Heart Like a Hand Grenade,0,2015,\N,96,Documentary
movie,Our Brand Is Crisis,Our Brand Is Crisis,0,2015,\N,107,"Comedy,Drama"
movie,Jeffie Was Here,Jeffie Was Here,0,2010,\N,110,"Adventure,Comedy"
movie,Deal,Deal,0,2010,\N,101,"Action,Drama"
movie,Selma,Selma,0,2014,\N,128,"Biography,Drama,History"
movie,Centurion,Centurion,0,2010,\N,97,"Action,Adventure,Drama"
movie,Patagonia,Patagonia,0,2010,\N,119,"Adventure,Drama"
movie,The Method,The Method,0,2017,\N,\N,"Drama,Mystery,Romance"
movie,Certified Copy,Copie conforme,0,2010,\N,106,Drama
movie,Takedowns and Falls,Takedowns and Falls,0,2010,\N,127,"Documentary,Sport"
movie,Babies,B√©b√©(s),0,2010,\N,79,Documentary
movie,Odd Brodsky,Odd Brodsky,0,2014,\N,93,Comedy
tvSeries,Di√°rio do Olivier,Di√°rio do Olivier,0,2016,2017,\N,Family
movie,Deer Season,Deer Season,0,2015,\N,92,Thriller
movie,Rising Star,Rising Star,0,2010,\N,98,Drama
movie,The Way Back,The Way Back,0,2010,\N,133,"Adventure,Drama,History"
movie,Where's My Stuff?,Where's My Stuff?,0,2011,\N,85,Comedy
movie,Kingshighway,Kingshighway,0,2010,\N,\N,Crime
movie,Programming the Nation?,Programming the Nation?,0,2011,\N,105,Documentary
movie,Argo,Argo,0,2012,\N,120,"Biography,Drama,Thriller"
movie,Session,Session,0,2011,\N,89,Drama
short,8 Butterflies,8 Butterflies,0,2010,\N,17,"Drama,Horror,Short"
movie,The People I've Slept With,The People I've Slept With,0,2012,\N,89,Comedy
movie,Gunned Down,Gunned Down,0,2017,\N,95,"Action,Thriller"
movie,Palominas,Palominas,0,2018,\N,\N,"Action,Drama,Western"
movie,Gemini Man,Gemini Man,0,2019,\N,\N,"Action,Drama,Sci-Fi"
movie,The Pardon,The Pardon,0,2013,\N,120,Crime
movie,Dead Americans,Dead Americans,0,2010,\N,\N,Sci-Fi
movie,Kill Speed,Kill Speed,0,2010,\N,113,"Action,Crime,Thriller"
movie,Wall Street: Money Never Sleeps,Wall Street: Money Never Sleeps,0,2010,\N,133,Drama
movie,Tied in Blood,Tied in Blood,0,2012,\N,88,"Drama,Horror,Mystery"
movie,Asylum Blackout,The Incident,0,2011,\N,85,"Horror,Thriller"
movie,The Magnificent Eleven,The Magnificent Eleven,0,2013,\N,91,"Comedy,Drama,Sport"
movie,Secretariat,Secretariat,0,2010,\N,123,"Biography,Drama,Family"
movie,Krrish 3,Krrish 3,0,2013,\N,152,"Action,Adventure,Sci-Fi"
movie,Poltergeist,Poltergeist,0,2015,\N,93,"Horror,Thriller"
movie,Tied to a Chair,Tied to a Chair,0,2011,\N,94,Comedy
short,The Small Assassin,The Small Assassin,0,2011,\N,16,"Mystery,Short,Thriller"
tvEpisode,Baby on Board,Baby on Board,0,2010,\N,\N,"Comedy,Romance"
movie,Beautiful Girl,Beautiful Girl,0,2014,\N,90,Drama
movie,The Warrior's Way,The Warrior's Way,0,2010,\N,100,"Action,Fantasy,Western"
movie,Inseparable,Xing ying bu li,0,2011,\N,97,"Drama,Mystery"
movie,The Descendants,The Descendants,0,2011,\N,115,"Comedy,Drama"
tvMiniSeries,Alias Grace,Alias Grace,0,2017,2017,60,"Biography,Crime,Drama"
movie,Bad Meat,Bad Meat,0,2011,\N,92,"Comedy,Horror"
movie,Somewhere Tonight,Somewhere Tonight,0,2011,\N,85,"Comedy,Drama,Romance"
movie,Iron Sky,Iron Sky,0,2012,\N,93,"Action,Comedy,Sci-Fi"
movie,Cold Skin,Cold Skin,0,2017,\N,108,"Adventure,Horror,Sci-Fi"
movie,The Eagle,The Eagle,0,2011,\N,114,"Action,Adventure,Drama"
movie,Suspiria,Suspiria,0,2018,\N,152,"Fantasy,Horror,Mystery"
movie,The Photon Effect,The Photon Effect,0,2010,\N,102,Sci-Fi
movie,Women's Studies,Women's Studies,0,2010,\N,96,Horror
movie,Cody the Robosapien,Robosapien: Rebooted,0,2013,\N,86,"Adventure,Drama,Family"
movie,Everyday,Everyday,0,2012,\N,106,Drama
tvSeries,Unterwegs in Sachsen,Unterwegs in Sachsen,0,2018,\N,30,Documentary
tvSeries,Unterwegs in Sachsen-Anhalt,Unterwegs in Sachsen-Anhalt,0,2016,\N,30,Documentary
tvSeries,Unterwegs in Th√ºringen,Unterwegs in Th√ºringen,0,2018,\N,30,Documentary
movie,The Book of Eli,The Book of Eli,0,2010,\N,118,"Action,Adventure,Drama"
videoGame,StarCraft II: Wings of Liberty,StarCraft II: Wings of Liberty,0,2010,\N,\N,"Action,Sci-Fi"
movie,The King of Fighters,The King of Fighters,0,2010,\N,93,"Action,Sci-Fi,Thriller"
movie,Legion,Legion,0,2010,\N,100,"Action,Fantasy,Horror"
movie,The Story of Luke,The Story of Luke,0,2012,\N,96,"Comedy,Drama"
movie,The Bounty Hunter,The Bounty Hunter,0,2010,\N,110,"Action,Comedy,Romance"
movie,Manipulation,Manipulation,0,2011,\N,90,"Drama,Thriller"
movie,Let the Game Begin,Let the Game Begin,0,2010,\N,110,"Comedy,Drama,Mystery"
movie,The Nutcracker in 3D,The Nutcracker in 3D,0,2010,\N,110,"Action,Family,Fantasy"
movie,Just In√®s,Just In√®s,0,2010,\N,90,Drama
tvMovie,Dark Island,Dark Island,0,2010,\N,87,"Action,Sci-Fi,Thriller"
movie,The Legend of Hercules,The Legend of Hercules,0,2014,\N,99,"Action,Adventure,Fantasy"
movie,Not Another B Movie,Not Another B Movie,0,2010,\N,87,Comedy
movie,For the Good of Others,El mal ajeno,0,2010,\N,107,"Drama,Sci-Fi,Thriller"
tvSeries,Titans,Titans,0,2018,\N,45,"Action,Adventure,Fantasy"
movie,Silver Linings Playbook,Silver Linings Playbook,0,2012,\N,122,"Comedy,Drama,Romance"
movie,Wasteland,Wasteland,0,2011,\N,80,"Action,Adventure,Sci-Fi"
movie,You and I,You and I,0,2011,\N,100,"Drama,Romance"
movie,Ghost Hoax,Ghost Hoax,0,2010,\N,108,"Horror,Mystery,Thriller"
video,Cross,Cross,0,2011,\N,105,"Action,Fantasy"
movie,Unfinished Song,Song for Marion,0,2012,\N,90,"Comedy,Drama,Music"
movie,Aaj Kal,Aaj Kal,0,2010,\N,90,"Comedy,Romance"
movie,Camp Hell,Camp Hell,0,2010,\N,99,"Drama,Horror"
movie,Caris' Peace,Caris' Peace,0,2011,\N,76,Documentary
movie,Parental Guidance,Parental Guidance,0,2012,\N,105,"Comedy,Family"
movie,Beyond the Barbed Wire: An Artist View of the Holocaust,Beyond the Barbed Wire: An Artist View of the Holocaust,0,2010,\N,68,"Documentary,War"
video,Einstein Pals,Einstein Pals,0,2011,\N,\N,Family
tvSeries,Living Biblically,Living Biblically,0,2018,2018,30,Comedy
movie,"Girl, Adopted","Girl, Adopted",0,2013,\N,78,"Biography,Documentary,Drama"
movie,Howl,Howl,0,2010,\N,84,"Biography,Drama,Romance"
movie,Pablo,Pablo,0,2012,\N,90,"Animation,Biography"
movie,Chasing Happiness,Chasing Happiness,0,2012,\N,80,Comedy
movie,The Singularity Is Near,The Singularity Is Near,0,2010,\N,79,"Documentary,Drama,Sci-Fi"
video,Boy Toy,Boy Toy,0,2011,\N,91,Comedy
tvSeries,The Shannara Chronicles,The Shannara Chronicles,0,2016,\N,42,"Adventure,Fantasy,Sci-Fi"
movie,"Havana, Habana","Havana, Habana",0,2017,\N,65,Drama
movie,The Portal,The Portal,0,2010,\N,86,Horror
movie,Ivory,Ivory,0,2010,\N,84,"Drama,Music"
movie,Lost Everything,Lost Everything,0,2010,\N,97,Drama
movie,Goosebumps,Goosebumps,0,2015,\N,103,"Adventure,Comedy,Family"
tvEpisode,Winter Tech,Winter Tech,0,2010,\N,\N,"Documentary,History"
movie,Repo Men,Repo Men,0,2010,\N,111,"Action,Crime,Sci-Fi"
movie,The Big Year,The Big Year,0,2011,\N,100,Comedy
movie,Dreams Awake,Dreams Awake,0,2011,\N,110,Drama
movie,One Lucky Elephant,One Lucky Elephant,0,2010,\N,84,Documentary
movie,House Broken,House Broken,0,2010,\N,84,Comedy
movie,The Best Things in the World,As Melhores Coisas do Mundo,0,2010,\N,100,"Comedy,Drama"
movie,Life as We Know It,Life as We Know It,0,2010,\N,114,"Comedy,Drama,Romance"
movie,The Dead Matter,The Dead Matter,0,2010,\N,90,"Fantasy,Horror"
movie,Down and Distance,Down and Distance,0,2010,\N,\N,"Family,Sport"
tvSeries,Pink Panther & Pals,Pink Panther & Pals,0,2010,2010,\N,"Animation,Comedy,Family"
tvEpisode,Episode XCII,Episode XCII,0,2017,\N,22,"Action,Adventure,Animation"
movie,Sophomore,Sophomore,0,2012,\N,98,Comedy
tvEpisode,Episode #1.5889,Episode #1.5889,0,2010,\N,\N,"Drama,Romance"
movie,Four Stories of St. Julian,Four Stories of St. Julian,0,2010,\N,85,"Crime,Thriller"
movie,Transit,Transit,0,2012,\N,88,"Action,Crime,Thriller"
movie,The Legend of Awesomest Maximus,The Legend of Awesomest Maximus,0,2011,\N,90,"Action,Comedy"
movie,Spud,Spud,0,2010,\N,103,"Comedy,Drama"
movie,At√© Onde?,At√© Onde?,0,2011,\N,73,"Mystery,Thriller"
movie,The Rogue,The Rogue,0,2019,\N,\N,"Action,Drama,Thriller"
movie,This Bitter Earth,This Bitter Earth,0,2012,\N,76,"Drama,Music"
movie,Small Town Saturday Night,Small Town Saturday Night,0,2010,\N,94,Drama
movie,Bare Knuckles,Bare Knuckles,0,2010,\N,90,"Action,Drama"
tvSeries,Queen of the South,Queen of the South,0,2016,\N,42,"Action,Crime,Drama"
movie,The Evolution of Dad,The Evolution of Dad,0,2010,\N,94,Documentary
movie,Je ne vous oublierai jamais,Je ne vous oublierai jamais,0,2010,\N,85,"Drama,History"
movie,Boyhood,Boyhood,0,2014,\N,165,Drama
movie,Costa Rica 3D,Costa Rica 3D,0,2019,\N,82,"Adventure,Documentary"
movie,The Ascension,The Ascension,0,2011,\N,93,"Drama,Horror"
movie,The Vampires of Zanzibar,The Vampires of Zanzibar,0,2010,\N,106,"Comedy,Horror,Musical"
movie,For Christ's Sake,For Christ's Sake,0,2010,\N,\N,Comedy
tvEpisode,Engineering Disasters: New Orleans,Engineering Disasters: New Orleans,0,2013,\N,\N,"Documentary,History"
movie,Water for Elephants,Water for Elephants,0,2011,\N,120,"Drama,Romance"
movie,Adult World,Adult World,0,2013,\N,97,"Comedy,Drama"
movie,Game of Assassins,The Gauntlet,0,2013,\N,80,"Action,Adventure,Horror"
movie,Monte Carlo,Monte Carlo,0,2011,\N,109,"Adventure,Comedy,Family"
movie,Footloose,Footloose,0,2011,\N,113,"Comedy,Drama,Music"
movie,Cavaliers seuls,Cavaliers seuls,0,2010,\N,\N,Documentary
movie,Sunburnt Angels,Sunburnt Angels,0,2011,\N,119,"Comedy,Crime"
movie,House of Good and Evil,House of Good and Evil,0,2013,\N,108,"Horror,Thriller"
movie,Midnight Son,Midnight Son,0,2011,\N,88,Horror
movie,The Two Deaths of Quincas Wateryell,Quincas Berro d'√Ågua,0,2010,\N,104,"Comedy,Drama"
movie,Habana Eva,Habana Eva,0,2010,\N,106,"Comedy,Romance"
tvEpisode,More Ice,More Ice,0,2015,\N,\N,"Documentary,History"
tvEpisode,Yard Tech,Yard Tech,0,2013,\N,\N,"Documentary,History"
movie,Good Intentions,Good Intentions,0,2010,\N,84,Comedy
movie,Elvis & Madonna,Elvis & Madona,0,2010,\N,105,"Comedy,Romance"
movie,The Dead Sleep,The Dead Sleep,0,2010,\N,94,"Drama,Thriller"
movie,The Amazing Adventures of the Living Corpse,The Amazing Adventures of the Living Corpse,0,2012,\N,88,"Action,Animation,Fantasy"
movie,Blood River,Blood River,0,2010,\N,93,Horror
movie,Ghost Rider: Spirit of Vengeance,Ghost Rider: Spirit of Vengeance,0,2011,\N,96,"Action,Fantasy,Thriller"
movie,Jelly,Jelly,0,2010,\N,104,"Comedy,Romance"
movie,From the Midst of Pain,From the Midst of Pain,0,2010,\N,\N,"Documentary,Drama"
movie,Winchester,Winchester,0,2018,\N,99,"Biography,Fantasy,Horror"
movie,Messages Deleted,Messages Deleted,0,2010,\N,92,"Mystery,Thriller"
movie,Buffalo Girls,Buffalo Girls,0,2012,\N,65,Documentary
movie,Subway Busker,Subway Busker,0,2010,\N,101,"Documentary,Music"
movie,The Reverend,The Reverend,0,2011,\N,98,Horror
movie,See You in September,See You in September,0,2010,\N,91,"Comedy,Romance"
tvEpisode,Coast to Coast,Coast to Coast,0,2017,\N,\N,"Action,Crime,Reality-TV"
movie,Troubadours,Troubadours,0,2010,\N,\N,Drama
tvSeries,The Passage,The Passage,0,2018,\N,\N,"Action,Adventure,Drama"
movie,Skyfall,Skyfall,0,2012,\N,143,"Action,Adventure,Thriller"
movie,Beyond the Grave,Beyond the Grave,0,2010,\N,89,"Action,Crime,Horror"
movie,Jonah Hex,Jonah Hex,0,2010,\N,81,"Action,Drama,Fantasy"
movie,The Dark Party,The Dark Party,0,2013,\N,95,"Drama,Romance"
movie,Underground,ASD. Alma sin due√±o,0,2010,\N,\N,\N
movie,The Beautiful and Damned,The Beautiful and Damned,0,2010,\N,\N,Drama
movie,Dark Shadows,Dark Shadows,0,2012,\N,113,"Comedy,Fantasy,Horror"
movie,Krews,Krews,0,2010,\N,105,"Action,Crime,Drama"
movie,Psychosomatika,Psychosomatika,0,2010,\N,\N,"Comedy,Drama,Mystery"
movie,Elimination,Elimination,0,2010,\N,87,"Action,Horror,Thriller"
movie,Frances: A Mother Divine,Frances: A Mother Divine,0,2010,\N,\N,Documentary
movie,Hauntsville,Hauntsville,0,2016,\N,\N,"Horror,Thriller"
movie,Hysteria,Hysteria,0,2010,\N,\N,"Horror,Thriller"
movie,The Girl from the Naked Eye,The Girl from the Naked Eye,0,2012,\N,84,"Action,Crime,Mystery"
movie,Beautiful Noise,Beautiful Noise,0,2014,\N,87,"Documentary,Music"
movie,Happiness Runs,Happiness Runs,0,2010,\N,88,Drama
movie,10 Years Later,10 Years Later,0,2010,\N,98,"Comedy,Drama"
movie,Jens Jensen: Harmonious World,Jens Jensen: Harmonious World,0,2010,\N,\N,Documentary
movie,Jerry Cotton,Jerry Cotton,0,2010,\N,90,"Action,Comedy,Crime"